Name,Metadata Complete,Object Type,Identifier,Pipeline,Missing Fields,Page Link
p13_Bai_Collin-Dufresne_2019,False,pipeline,P1,P1,"build_commands, os_compatibility, git_repo_URL",../index.html
bond_prices,False,dataframe,bond_prices,P1,"dataframe_name, short_description_df, links_to_data_providers, topic_tags",../dataframes/P1/bond_prices.html
cds,False,dataframe,cds,P1,"dataframe_name, short_description_df, links_to_data_providers, topic_tags",../dataframes/P1/cds.html
ratings,False,dataframe,ratings,P1,"dataframe_name, short_description_df, links_to_data_providers, topic_tags",../dataframes/P1/ratings.html
matched_bond_cds,False,dataframe,matched_bond_cds,P1,"dataframe_name, short_description_df, links_to_data_providers, topic_tags",../dataframes/P1/matched_bond_cds.html
pecds,False,dataframe,pecds,P1,"dataframe_name, short_description_df, links_to_data_providers, topic_tags",../dataframes/P1/pecds.html
basis,False,dataframe,basis,P1,"dataframe_name, short_description_df, links_to_data_providers, topic_tags",../dataframes/P1/basis.html
Figure 1 (Replication Window): CDS–Bond Basis,True,chart,figure1_replication,P1,,../charts/P1.figure1_replication.html
Figure 1 (Extended): CDS–Bond Basis,True,chart,figure1_extension,P1,,../charts/P1.figure1_extension.html
